<?xml version="1.0" encoding="UTF-8"?>
<Configuration status="WARN" monitorInterval="30">

	<Properties>
		<Property name="LOG_PATTERN">
			%d{yyyy-MM-dd HH:mm:ss} [%thread] %-5level %logger{36} - %msg%n
		</Property>
	</Properties>

	<!-- Rolling File Appender -->
	<Appenders>

		<RollingFile name="FileAppender" fileName="/U01/Logs/guaranteed-delivery/Applicaiton/app.log" filePattern="logs/log4j2-demo-%d{yyyy-MM-dd}-%i.log">
			<PatternLayout>
				<Pattern>${LOG_PATTERN}</Pattern>
			</PatternLayout>
			<Policies>
				<SizeBasedTriggeringPolicy size="10MB" />
			</Policies>
			<DefaultRolloverStrategy max="10" />
		</RollingFile>

		<Console name="ConsoleAppender" target="SYSTEM_OUT" follow="true">
			<PatternLayout pattern="${LOG_PATTERN}" />
		</Console>


	</Appenders>

	<Loggers>

		<Root level="info">
			<AppenderRef ref="ConsoleAppender" />
		</Root>

		<Logger name="com.zycus.guaranteed_delivery.*" level="debug" additivity="false">
			<AppenderRef ref="FileAppender" />
		</Logger>

		<Logger name="org.springframework.web" level="error" additivity="false">
			<AppenderRef ref="FileAppender" />
		</Logger>

		<Logger name="org.hiberate.SQL" level="debug" additivity="false">
			<AppenderRef ref="FileAppender" />
		</Logger>

		<Logger name="org.hiberate.type" level="debug" additivity="false">
			<AppenderRef ref="FileAppender" />
		</Logger>

	</Loggers>

</Configuration>