<assembly>
    <id>bundle</id>
    <formats>
        <format>zip</format>
    </formats>
    <includeBaseDirectory>false</includeBaseDirectory>
    <fileSets>
        <fileSet>
            <!-- Take everything inside the directories folder -->
            <directory>/target/generated-resources/appassembler/jsw/${project.artifactId}</directory>
            <!-- And place it inside the root of the zip file -->
            <outputDirectory>${project.artifactId}</outputDirectory>
        </fileSet>
    </fileSets>
</assembly>